,mean_fit_time,mean_score_time,mean_test_score,mean_train_score,params,rank_test_score,split0_test_score,split0_train_score,split1_test_score,split1_train_score,split2_test_score,split2_train_score,split3_test_score,split3_train_score,split4_test_score,split4_train_score,std_fit_time,std_score_time,std_test_score,std_train_score
0,0.428800010681,0.145999908447,0.426124507678,0.479342477085,{},1,0.430465852527,0.474986777647,0.412793969175,0.483329470366,0.418683507241,0.486964401507,0.426994415016,0.47178546343,0.441690480627,0.479646272475,0.0862632523274,0.0266608820301,0.00994903410057,0.00548019546995
