,mean_fit_time,mean_score_time,mean_test_score,mean_train_score,params,rank_test_score,split0_test_score,split0_train_score,split1_test_score,split1_train_score,split2_test_score,split2_train_score,split3_test_score,split3_train_score,split4_test_score,split4_train_score,std_fit_time,std_score_time,std_test_score,std_train_score
0,1.69940004349,0.00579996109009,-4.93869253597e+20,-0.505475418192,{},1,-2.19296833589e+16,-0.507067504081,-1.24838331525e+21,-0.505631680464,-1.33453330623e+20,-0.505862683741,-2.74512291063e+20,-0.502743108132,-8.13125498335e+20,-0.506072114542,0.445441622348,0.00132671910255,4.67583828562e+20,0.00145125426988
