,mean_fit_time,mean_score_time,mean_test_score,mean_train_score,param_C,param_loss,params,rank_test_score,split0_test_score,split0_train_score,split1_test_score,split1_train_score,split2_test_score,split2_train_score,split3_test_score,split3_train_score,split4_test_score,split4_train_score,std_fit_time,std_score_time,std_test_score,std_train_score
4,12.0381999969,0.00660004615784,0.603277665981,0.697680511183,100.0,hinge,"{'loss': 'hinge', 'C': 100.0}",1,0.59125710142,0.682703037181,0.639877936064,0.70927778033,0.587778495728,0.699908609777,0.600364523478,0.69751204229,0.597111656106,0.699001086338,0.104411449652,0.000800025464436,0.0188202906134,0.00855053335176
3,0.861999988556,0.00740003585815,0.598962589076,0.643438583493,0.10000000000000001,squared_hinge,"{'loss': 'squared_hinge', 'C': 0.10000000000000001}",2,0.599437073833,0.643789989629,0.612302013233,0.641342592593,0.587584576587,0.647754289419,0.589833567721,0.641797515651,0.605654345058,0.642508530171,0.022689087851,0.000800013547504,0.00933513804944,0.00231084766305
5,11.3320000172,0.00640006065369,0.591425554464,0.681068879923,100.0,squared_hinge,"{'loss': 'squared_hinge', 'C': 100.0}",3,0.53934079809,0.628308775364,0.621300914866,0.683388157971,0.581369589851,0.687158315927,0.618753765933,0.704805352545,0.596402379084,0.70168379781,1.88473946087,0.00135645907881,0.0299313053781,0.0276205861147
2,1.25240001678,0.00719995498657,0.530773962546,0.553424174085,0.10000000000000001,hinge,"{'loss': 'hinge', 'C': 0.10000000000000001}",4,0.529029191399,0.553674430357,0.524631188191,0.555396969206,0.53347444056,0.553727755542,0.533447549288,0.550179007014,0.5332907038,0.554142708309,0.0823519283058,0.00116610585437,0.00350865836935,0.00173747582672
1,0.408000040054,0.00819997787476,0.300784420576,0.302070237824,0.0001,squared_hinge,"{'loss': 'squared_hinge', 'C': 0.0001}",5,0.300931891694,0.303912096368,0.297088415822,0.300139707455,0.300849253897,0.304105539118,0.295139056839,0.299886068381,0.309915053879,0.3023077778,0.0193081018868,0.00116613039303,0.00507706506792,0.001793815105
0,0.271400022507,0.0711999416351,0.294639121943,0.295528054819,0.0001,hinge,"{'loss': 'hinge', 'C': 0.0001}",6,0.294958000744,0.299280752239,0.289357050812,0.290547473765,0.302383438665,0.295252875727,0.286501763437,0.294518513165,0.299993897919,0.2980406592,0.0290764767511,0.0695051170156,0.00604713581145,0.00304292636197
