,mean_fit_time,mean_score_time,mean_test_score,mean_train_score,param_C,param_loss,params,rank_test_score,split0_test_score,split0_train_score,split1_test_score,split1_train_score,split2_test_score,split2_train_score,split3_test_score,split3_train_score,split4_test_score,split4_train_score,std_fit_time,std_score_time,std_test_score,std_train_score
3,0.465399980545,0.0021999835968,0.535021077737,0.540990493991,0.10000000000000001,squared_hinge,"{'loss': 'squared_hinge', 'C': 0.10000000000000001}",1,0.534182595607,0.541274281713,0.549893910437,0.536358485807,0.530763221696,0.543052440937,0.527328012459,0.541043098508,0.532933444339,0.543224162989,0.0302826719308,0.000400018706227,0.00779197036753,0.00248111688248
5,8.52539997101,0.0021999835968,0.516905396052,0.523827628603,100.0,squared_hinge,"{'loss': 'squared_hinge', 'C': 100.0}",2,0.488795226095,0.493918154548,0.543979248499,0.549385483362,0.567046571971,0.578129641566,0.463387739946,0.4726847499,0.521308318541,0.525020113639,1.18096853055,0.000400018706227,0.0372035064422,0.0377187095552
4,8.2976000309,0.00260000228882,0.510336271571,0.515746837403,100.0,hinge,"{'loss': 'hinge', 'C': 100.0}",3,0.513727003485,0.523384188325,0.523118105913,0.521575080461,0.48346281785,0.488280444629,0.529265159502,0.531603564652,0.502111709562,0.513890908949,0.302798031008,0.000489920847309,0.0162661035781,0.0148430491997
2,3.4521999836,0.00200004577637,0.478905216405,0.480099541454,0.10000000000000001,hinge,"{'loss': 'hinge', 'C': 0.10000000000000001}",4,0.479927258333,0.478925941174,0.491256127522,0.474478917581,0.477163510263,0.487420314978,0.469066656651,0.477181129906,0.477106577567,0.482491403631,0.103491827847,9.53674316406e-08,0.00716425945105,0.0044900023602
0,0.0838000297546,0.0164000511169,0.282734522874,0.281904715977,0.0001,hinge,"{'loss': 'hinge', 'C': 0.0001}",5,0.275570855166,0.281797411362,0.279095970711,0.279045379842,0.288127937602,0.282158504203,0.281321607475,0.284797944921,0.28956215709,0.281724339557,0.00746717787646,0.0128467551087,0.00533429822821,0.00182510466836
1,0.154200029373,0.00320000648499,0.270515264222,0.270347445025,0.0001,squared_hinge,"{'loss': 'squared_hinge', 'C': 0.0001}",6,0.26959985105,0.270573664918,0.273407477114,0.268218413837,0.274070042054,0.271047268026,0.261947530936,0.271150901726,0.273549248664,0.270746976617,0.00563561571551,0.000748277238852,0.00456994115445,0.0010843310967
