,mean_fit_time,mean_score_time,mean_test_score,mean_train_score,params,rank_test_score,split0_test_score,split0_train_score,split1_test_score,split1_train_score,split2_test_score,split2_train_score,split3_test_score,split3_train_score,split4_test_score,split4_train_score,std_fit_time,std_score_time,std_test_score,std_train_score
0,0.0510000705719,0.0133999824524,0.192791906877,0.196189404082,{},1,0.188934815173,0.208867250733,0.187470971175,0.187795980953,0.206989958671,0.208565455436,0.209008327215,0.201712157639,0.171554915146,0.174006175649,0.0101390416866,0.00224495915809,0.0138457050499,0.0134680393911
